-- m_users
INSERT INTO m_users (id, username, surname, birth_date, login, password, created, changed, is_blocked, weight, gender, country) VALUES (20, 'Miller', 'Brimman', '1999-01-19', 'mbrimman4', 'PYv3VQqPmEYU', '2020-10-12 15:00:47.000000', '2020-10-12 15:00:47.000000', false, 67, 'MALE', 'BELARUS');
INSERT INTO m_users (id, username, surname, birth_date, login, password, created, changed, is_blocked, weight, gender, country) VALUES (28, 'Isidoro', 'Finneran', '2001-11-16', 'ifinneranc', 'yG4exKyWfPjD', '2020-10-12 15:00:47.000000', '2020-10-12 15:00:47.000000', true, 60, 'MALE', 'BELARUS');
INSERT INTO m_users (id, username, surname, birth_date, login, password, created, changed, is_blocked, weight, gender, country) VALUES (33, 'Alexander', 'D''Almeida', '2006-08-31', 'adalmeidah', 'LjcpzXOB4', '2020-10-12 15:00:47.000000', '2020-10-12 15:00:47.000000', true, 65, 'MALE', 'RUSSIA');
INSERT INTO m_users (id, username, surname, birth_date, login, password, created, changed, is_blocked, weight, gender, country) VALUES (31, 'Rosabel', 'Rockcliff', '2003-06-25', 'rrockclifff', '6jPOLZF0n4', '2020-10-12 15:00:47.000000', '2020-10-12 15:00:47.000000', true, 65, 'FEMALE', 'FRANCE');
INSERT INTO m_users (id, username, surname, birth_date, login, password, created, changed, is_blocked, weight, gender, country) VALUES (24, 'Dmitri', 'Choulerton', '2010-03-18', 'dchoulerton8', 'Hd172lYtsZT', '2020-10-12 15:00:47.000000', '2020-10-12 15:00:47.000000', false, 68, 'MALE', 'RUSSIA');
INSERT INTO m_users (id, username, surname, birth_date, login, password, created, changed, is_blocked, weight, gender, country) VALUES (27, 'Benedict', 'Bytheway', '2015-08-07', 'bbythewayb', 'Fv06zi2E2', '2020-10-12 15:00:47.000000', '2020-10-12 15:00:47.000000', false, 61, 'MALE', 'GERMANY');
INSERT INTO m_users (id, username, surname, birth_date, login, password, created, changed, is_blocked, weight, gender, country) VALUES (25, 'Derrick', 'Longfoot', '2006-08-30', 'dlongfoot9', 'IyriKyuBwkPD', '2020-10-12 15:00:47.000000', '2020-10-12 15:00:47.000000', false, 60, 'MALE', 'GERMANY');
INSERT INTO m_users (id, username, surname, birth_date, login, password, created, changed, is_blocked, weight, gender, country) VALUES (30, 'Kristina', 'Redmire', '2003-01-09', 'kredmiree', 'jKKKuDwaC', '2020-10-12 15:00:47.000000', '2020-10-12 15:00:47.000000', true, 61, 'FEMALE', 'GERMANY');
INSERT INTO m_users (id, username, surname, birth_date, login, password, created, changed, is_blocked, weight, gender, country) VALUES (17, 'Hedda', 'Pearsey', '2006-07-21', 'hpearsey1', 'Hs2VRto', '2020-10-12 15:00:47.000000', '2020-10-12 15:00:47.000000', true, 66, 'FEMALE', 'RUSSIA');
INSERT INTO m_users (id, username, surname, birth_date, login, password, created, changed, is_blocked, weight, gender, country) VALUES (23, 'Riannon', 'Murch', '2008-12-07', 'rmurch7', 'pRjqDX', '2020-10-12 15:00:47.000000', '2020-10-12 15:00:47.000000', true, 69, 'FEMALE', 'RUSSIA');
INSERT INTO m_users (id, username, surname, birth_date, login, password, created, changed, is_blocked, weight, gender, country) VALUES (18, 'Der', 'Barrar', '2014-03-18', 'dbarrar2', 'xXzvHzi', '2020-10-12 15:00:47.000000', '2020-10-12 15:00:47.000000', false, 66, 'MALE', 'GERMANY');
INSERT INTO m_users (id, username, surname, birth_date, login, password, created, changed, is_blocked, weight, gender, country) VALUES (21, 'Marjorie', 'Shardlow', '2018-05-19', 'mshardlow5', 'RMPGiVZsjB6', '2020-10-12 15:00:47.000000', '2020-10-12 15:00:47.000000', false, 69, 'FEMALE', 'RUSSIA');
INSERT INTO m_users (id, username, surname, birth_date, login, password, created, changed, is_blocked, weight, gender, country) VALUES (19, 'Aubine', 'Shambrooke', '2015-05-03', 'ashambrooke3', 'X2z7mbkDtm2h', '2020-10-12 15:00:47.000000', '2020-10-12 15:00:47.000000', false, 65, 'FEMALE', 'BELGIUM');
INSERT INTO m_users (id, username, surname, birth_date, login, password, created, changed, is_blocked, weight, gender, country) VALUES (26, 'Sayre', 'Kliner', '2010-09-23', 'sklinera', 'OyngbKeVBCb1', '2020-10-12 15:00:47.000000', '2020-10-12 15:00:47.000000', false, 64, 'FEMALE', 'GERMAN');
INSERT INTO m_users (id, username, surname, birth_date, login, password, created, changed, is_blocked, weight, gender, country) VALUES (34, 'Patten', 'Dodman', '2012-08-25', 'pdodmani', 'W5mkwICmmc', '2020-10-12 15:00:47.000000', '2020-10-12 15:00:47.000000', false, 62, 'MALE', 'BELGIUM');
INSERT INTO m_users (id, username, surname, birth_date, login, password, created, changed, is_blocked, weight, gender, country) VALUES (22, 'Talya', 'Richold', '1999-06-28', 'trichold6', 'WqNlviKubiBq', '2020-10-12 15:00:47.000000', '2020-10-12 15:00:47.000000', true, 67, 'FEMALE', 'GERMANY');
INSERT INTO m_users (id, username, surname, birth_date, login, password, created, changed, is_blocked, weight, gender, country) VALUES (16, 'Barbie', 'Grannell', '2013-02-09', 'bgrannell0', '1hTfM27QvPL', '2020-10-12 15:00:47.000000', '2020-10-12 15:00:47.000000', true, 66, 'FEMALE', 'ITALY');
INSERT INTO m_users (id, username, surname, birth_date, login, password, created, changed, is_blocked, weight, gender, country) VALUES (32, 'Gabriela', 'Highton', '2019-09-28', 'ghightong', 'cwLuYxNtA', '2020-10-12 15:00:47.000000', '2020-10-12 15:00:47.000000', false, 65, 'FEMALE', 'GERMANY');
INSERT INTO m_users (id, username, surname, birth_date, login, password, created, changed, is_blocked, weight, gender, country) VALUES (29, 'Frederik', 'Berisford', '2006-12-01', 'fberisfordd', '6swobQixA', '2020-10-12 15:00:47.000000', '2020-10-12 15:00:47.000000', true, 67, 'MALE', 'ITALY');

-- m_roles
INSERT INTO m_roles (id, role_name, user_id) VALUES (3, 'Admin', 29);
INSERT INTO m_roles (id, role_name, user_id) VALUES (4, 'User', 28);
INSERT INTO m_roles (id, role_name, user_id) VALUES (5, 'User', 26);
INSERT INTO m_roles (id, role_name, user_id) VALUES (6, 'Moderator', 25);
INSERT INTO m_roles (id, role_name, user_id) VALUES (7, 'User', 17);
INSERT INTO m_roles (id, role_name, user_id) VALUES (8, 'User', 16);
INSERT INTO m_roles (id, role_name, user_id) VALUES (9, 'User', 27);
INSERT INTO m_roles (id, role_name, user_id) VALUES (10, 'User', 23);
INSERT INTO m_roles (id, role_name, user_id) VALUES (11, 'User', 24);
INSERT INTO m_roles (id, role_name, user_id) VALUES (12, 'Moderator', 19);
INSERT INTO m_roles (id, role_name, user_id) VALUES (13, 'User', 18);
INSERT INTO m_roles (id, role_name, user_id) VALUES (14, 'User', 33);
INSERT INTO m_roles (id, role_name, user_id) VALUES (15, 'User', 22);
INSERT INTO m_roles (id, role_name, user_id) VALUES (16, 'Moderator', 21);
INSERT INTO m_roles (id, role_name, user_id) VALUES (17, 'User', 30);
INSERT INTO m_roles (id, role_name, user_id) VALUES (18, 'Admin', 31);
INSERT INTO m_roles (id, role_name, user_id) VALUES (19, 'User', 34);
INSERT INTO m_roles (id, role_name, user_id) VALUES (20, 'User', 32);
INSERT INTO m_roles (id, role_name, user_id) VALUES (2, 'Moderator', 20);

-- m_auto_dealer
INSERT INTO m_auto_dealer (id, name, address, capacity, created, changed, year_of_foundation, country) VALUES (22, 'Kia', '128 Ilene Pass', 28, '2020-09-12 16:58:52.000000', '2020-09-12 16:58:52.000000', '2020-05-09', 'RUSSIA');
INSERT INTO m_auto_dealer (id, name, address, capacity, created, changed, year_of_foundation, country) VALUES (16, 'Pontiac', '12 Hoard Way', 34, '2020-09-12 16:58:52.000000', '2020-09-12 16:58:52.000000', '2013-06-01', 'GERMANY');
INSERT INTO m_auto_dealer (id, name, address, capacity, created, changed, year_of_foundation, country) VALUES (17, 'Lincoln', '70156 Crescent Oaks Avenue', 15, '2020-09-12 16:58:52.000000', '2020-09-12 16:58:52.000000', '2013-12-29', 'RUSSIA');
INSERT INTO m_auto_dealer (id, name, address, capacity, created, changed, year_of_foundation, country) VALUES (15, 'Jeep', '6413 Maple Wood Street', 83, '2020-09-12 16:58:52.000000', '2020-09-12 16:58:52.000000', '2020-05-05', 'GERMANY');
INSERT INTO m_auto_dealer (id, name, address, capacity, created, changed, year_of_foundation, country) VALUES (3, 'Honda', '4521 Calypso Junction', 4, '2020-09-12 16:58:52.000000', '2020-09-12 16:58:52.000000', '2018-08-25', 'BELARUS');
INSERT INTO m_auto_dealer (id, name, address, capacity, created, changed, year_of_foundation, country) VALUES (5, 'Mazda', '1459 Stone Corner Avenue', 98, '2020-09-12 16:58:52.000000', '2020-09-12 16:58:52.000000', '2013-09-17', 'ITALY');
INSERT INTO m_auto_dealer (id, name, address, capacity, created, changed, year_of_foundation, country) VALUES (21, 'Hyundai', '1 Manitowish Center', 29, '2020-09-12 16:58:52.000000', '2020-09-12 16:58:52.000000', '2019-03-18', 'GERMANY');
INSERT INTO m_auto_dealer (id, name, address, capacity, created, changed, year_of_foundation, country) VALUES (18, 'Jeep', '2394 Melody Trail', 20, '2020-09-12 16:58:52.000000', '2020-09-12 16:58:52.000000', '2015-04-05', 'GERMANY');
INSERT INTO m_auto_dealer (id, name, address, capacity, created, changed, year_of_foundation, country) VALUES (20, 'Hyundai', '5596 Ohio Drive', 20, '2020-09-12 16:58:52.000000', '2020-09-12 16:58:52.000000', '2019-12-20', 'BELARUS');
INSERT INTO m_auto_dealer (id, name, address, capacity, created, changed, year_of_foundation, country) VALUES (19, 'Mercedes-Benz', '71740 Graedel Alley', 26, '2020-09-12 16:58:52.000000', '2020-09-12 16:58:52.000000', '2014-11-04', 'BELARUS');
INSERT INTO m_auto_dealer (id, name, address, capacity, created, changed, year_of_foundation, country) VALUES (12, 'Honda', '56 Columbus Circle', 86, '2020-09-12 16:58:52.000000', '2020-09-12 16:58:52.000000', '2013-03-07', 'BELGIUM');
INSERT INTO m_auto_dealer (id, name, address, capacity, created, changed, year_of_foundation, country) VALUES (13, 'Nissan', '4 Basil Hill', 69, '2020-09-12 16:58:52.000000', '2020-09-12 16:58:52.000000', '2020-05-30', 'GERMANY');
INSERT INTO m_auto_dealer (id, name, address, capacity, created, changed, year_of_foundation, country) VALUES (14, 'Chevrolet', '4049 Sachs Lane', 76, '2020-09-12 16:58:52.000000', '2020-09-12 16:58:52.000000', '2014-12-01', 'RUSSIA');
INSERT INTO m_auto_dealer (id, name, address, capacity, created, changed, year_of_foundation, country) VALUES (9, 'Toyota', '85071 North Drive', 95, '2020-09-12 16:58:52.000000', '2020-09-12 16:58:52.000000', '2015-01-23', 'FRANCE');
INSERT INTO m_auto_dealer (id, name, address, capacity, created, changed, year_of_foundation, country) VALUES (4, 'Audi', '94 Hanson Place', 75, '2020-09-12 16:58:52.000000', '2020-09-12 16:58:52.000000', '2017-05-04', 'BELGIUM');
INSERT INTO m_auto_dealer (id, name, address, capacity, created, changed, year_of_foundation, country) VALUES (11, 'Lincoln', '8 Melvin Circle', 83, '2020-09-12 16:58:52.000000', '2020-09-12 16:58:52.000000', '2016-12-13', 'RUSSIA');
INSERT INTO m_auto_dealer (id, name, address, capacity, created, changed, year_of_foundation, country) VALUES (6, 'Ford', '38901 Meadow Vale Court', 48, '2020-09-12 16:58:52.000000', '2020-09-12 16:58:52.000000', '2020-05-18', 'RUSSIA');
INSERT INTO m_auto_dealer (id, name, address, capacity, created, changed, year_of_foundation, country) VALUES (8, 'Lincoln', '46 Mendota Hill', 58, '2020-09-12 16:58:52.000000', '2020-09-12 16:58:52.000000', '2015-10-05', 'GERMANY');
INSERT INTO m_auto_dealer (id, name, address, capacity, created, changed, year_of_foundation, country) VALUES (7, 'Ford', '6714 Scofield Park', 37, '2020-09-12 16:58:52.000000', '2020-09-12 16:58:52.000000', '2020-01-17', 'GERMAN');
INSERT INTO m_auto_dealer (id, name, address, capacity, created, changed, year_of_foundation, country) VALUES (10, 'Mazda', '3013 Springs Junction', 59, '2020-09-12 16:58:52.000000', '2020-09-12 16:58:52.000000', '2011-04-29', 'ITALY');

-- m_cars
INSERT INTO m_cars (id, model, guarantee_expiration_date, price, dealer_id, user_id, year, country) VALUES (14, 'LS', '2020-10-12 17:28:31.000000', 17766, 5, 20, 2019, 'BELARUS');
INSERT INTO m_cars (id, model, guarantee_expiration_date, price, dealer_id, user_id, year, country) VALUES (20, 'Suburban', '2020-10-12 17:28:31.000000', 24228, 9, 20, 2018, 'RUSSIA');
INSERT INTO m_cars (id, model, guarantee_expiration_date, price, dealer_id, user_id, year, country) VALUES (22, 'Golf', '2020-10-12 17:28:31.000000', 23440, 20, 17, 2019, 'GERMANY');
INSERT INTO m_cars (id, model, guarantee_expiration_date, price, dealer_id, user_id, year, country) VALUES (23, 'Q5', '2020-10-12 17:28:31.000000', 19770, 11, 32, 2014, 'GERMANY');
INSERT INTO m_cars (id, model, guarantee_expiration_date, price, dealer_id, user_id, year, country) VALUES (18, 'G', '2020-10-12 17:28:31.000000', 15140, 4, 20, 2011, 'GERMANY');
INSERT INTO m_cars (id, model, guarantee_expiration_date, price, dealer_id, user_id, year, country) VALUES (19, 'Xterra', '2020-10-12 17:28:31.000000', 24960, 3, 20, 2018, 'GERMANY');
INSERT INTO m_cars (id, model, guarantee_expiration_date, price, dealer_id, user_id, year, country) VALUES (16, 'Ram 3500', '2020-10-12 17:28:31.000000', 23448, 9, 20, 2020, 'GERMANY');
INSERT INTO m_cars (id, model, guarantee_expiration_date, price, dealer_id, user_id, year, country) VALUES (17, 'S6', '2020-10-12 17:28:31.000000', 20955, 20, 25, 2013, 'GERMANY');
INSERT INTO m_cars (id, model, guarantee_expiration_date, price, dealer_id, user_id, year, country) VALUES (21, 'Land Cruiser', '2020-10-12 17:28:31.000000', 23999, 20, 26, 2018, 'BELGIUM');
INSERT INTO m_cars (id, model, guarantee_expiration_date, price, dealer_id, user_id, year, country) VALUES (32, 'F-Series', '2020-10-12 17:28:31.000000', 15109, 20, 20, 2010, 'RUSSIA');
INSERT INTO m_cars (id, model, guarantee_expiration_date, price, dealer_id, user_id, year, country) VALUES (25, 'Ram Van 1500', '2020-10-12 17:28:31.000000', 17096, 15, 32, 2015, 'RUSSIA');
INSERT INTO m_cars (id, model, guarantee_expiration_date, price, dealer_id, user_id, year, country) VALUES (27, 'A4', '2020-10-12 17:28:31.000000', 19648, 20, 27, 2013, 'BELGIUM');
INSERT INTO m_cars (id, model, guarantee_expiration_date, price, dealer_id, user_id, year, country) VALUES (30, 'Passat', '2020-10-12 17:28:31.000000', 24794, 13, 21, 2018, 'BELARUS');
INSERT INTO m_cars (id, model, guarantee_expiration_date, price, dealer_id, user_id, year, country) VALUES (29, 'Fiesta', '2020-10-12 17:28:31.000000', 15271, 20, 19, 2010, 'RUSSIA');
INSERT INTO m_cars (id, model, guarantee_expiration_date, price, dealer_id, user_id, year, country) VALUES (26, 'Carens', '2020-10-12 17:28:31.000000', 21697, 11, 34, 2015, 'RUSSIA');
INSERT INTO m_cars (id, model, guarantee_expiration_date, price, dealer_id, user_id, year, country) VALUES (15, 'Amanti', '2020-10-12 17:28:31.000000', 17834, 4, 34, 2011, 'FRANCE');
INSERT INTO m_cars (id, model, guarantee_expiration_date, price, dealer_id, user_id, year, country) VALUES (31, 'Wrangler', '2020-10-12 17:28:31.000000', 15135, 20, 16, 2017, 'GERMAN');
INSERT INTO m_cars (id, model, guarantee_expiration_date, price, dealer_id, user_id, year, country) VALUES (13, 'Mazda2', '2020-10-12 17:28:31.000000', 16718, 3, 20, 2010, 'GERMANY');
INSERT INTO m_cars (id, model, guarantee_expiration_date, price, dealer_id, user_id, year, country) VALUES (24, 'Sentra', '2020-10-12 17:28:31.000000', 24373, 20, 20, 2015, 'ITALY');
INSERT INTO m_cars (id, model, guarantee_expiration_date, price, dealer_id, user_id, year, country) VALUES (28, 'RX', '2020-10-12 17:28:31.000000', 18610, 19, 21, 2014, 'ITALY');

-- m_good
INSERT INTO m_good (id, good_name) VALUES (1, 'Turkey - Breast, Smoked');
INSERT INTO m_good (id, good_name) VALUES (2, 'Tart - Raisin And Pecan');
INSERT INTO m_good (id, good_name) VALUES (3, 'Veal - Inside');
INSERT INTO m_good (id, good_name) VALUES (4, 'Shichimi Togarashi Peppeers');
INSERT INTO m_good (id, good_name) VALUES (5, 'Soup Campbells Turkey Veg.');
INSERT INTO m_good (id, good_name) VALUES (6, 'Brownies - Two Bite, Chocolate');
INSERT INTO m_good (id, good_name) VALUES (7, 'Uniform Linen Charge');
INSERT INTO m_good (id, good_name) VALUES (8, 'Wakami Seaweed');
INSERT INTO m_good (id, good_name) VALUES (9, 'Vinegar - Rice');
INSERT INTO m_good (id, good_name) VALUES (10, 'Ice Cream - Life Savers');
INSERT INTO m_good (id, good_name) VALUES (11, 'Capicola - Hot');
INSERT INTO m_good (id, good_name) VALUES (12, 'Roe - Lump Fish, Black');
INSERT INTO m_good (id, good_name) VALUES (13, 'Laundry - Bag Cloth');
INSERT INTO m_good (id, good_name) VALUES (14, 'Godiva White Chocolate');
INSERT INTO m_good (id, good_name) VALUES (15, 'Olives - Stuffed');
INSERT INTO m_good (id, good_name) VALUES (16, 'Chinese Foods - Chicken Wing');
INSERT INTO m_good (id, good_name) VALUES (17, 'Juice - Mango');
INSERT INTO m_good (id, good_name) VALUES (18, 'Cheese - Cheddar, Medium');
INSERT INTO m_good (id, good_name) VALUES (19, 'Tuna - Loin');
INSERT INTO m_good (id, good_name) VALUES (20, 'Taro Leaves');
INSERT INTO m_good (id, good_name) VALUES (21, 'Wine - Cava Aria Estate Brut');
INSERT INTO m_good (id, good_name) VALUES (22, 'Cake - Cake Sheet Macaroon');
INSERT INTO m_good (id, good_name) VALUES (23, 'Yoplait Drink');
INSERT INTO m_good (id, good_name) VALUES (24, 'Lemonade - Kiwi, 591 Ml');
INSERT INTO m_good (id, good_name) VALUES (25, 'Rice - Brown');
INSERT INTO m_good (id, good_name) VALUES (26, 'Beans - Long, Chinese');
INSERT INTO m_good (id, good_name) VALUES (27, 'Soup - Knorr, Country Bean');
INSERT INTO m_good (id, good_name) VALUES (28, 'Flour - Fast / Rapid');
INSERT INTO m_good (id, good_name) VALUES (29, 'Pasta - Lasagna Noodle, Frozen');
INSERT INTO m_good (id, good_name) VALUES (30, 'Mushroom - Chanterelle Frozen');
INSERT INTO m_good (id, good_name) VALUES (31, 'Lettuce - Lolla Rosa');
INSERT INTO m_good (id, good_name) VALUES (32, 'Pate - Cognac');
INSERT INTO m_good (id, good_name) VALUES (33, 'Muskox - French Rack');
INSERT INTO m_good (id, good_name) VALUES (34, 'Nut - Hazelnut, Ground, Natural');
INSERT INTO m_good (id, good_name) VALUES (35, 'Shark - Loin');
INSERT INTO m_good (id, good_name) VALUES (36, 'Doilies - 5, Paper');
INSERT INTO m_good (id, good_name) VALUES (37, 'Cup - 8oz Coffee Perforated');
INSERT INTO m_good (id, good_name) VALUES (38, 'Sour Puss Raspberry');
INSERT INTO m_good (id, good_name) VALUES (39, 'Chicken - Whole');
INSERT INTO m_good (id, good_name) VALUES (40, 'Trueblue - Blueberry Cranberry');

-- m_engine
INSERT INTO m_engine (id, volume, cylinder, batch, fuel_type, car_id, is_deprecated) VALUES (1, 1.5, 2, '6370386912758820', 'diesel_fuel', 24, false);
INSERT INTO m_engine (id, volume, cylinder, batch, fuel_type, car_id, is_deprecated) VALUES (2, 1.8, 4, '3552341301908350', 'benzin', 32, false);
INSERT INTO m_engine (id, volume, cylinder, batch, fuel_type, car_id, is_deprecated) VALUES (3, 3.2, 6, '3538278522799177', 'propane', 18, false);
INSERT INTO m_engine (id, volume, cylinder, batch, fuel_type, car_id, is_deprecated) VALUES (4, 2.4, 8, '5007667421438019', 'gas', 13, false);
INSERT INTO m_engine (id, volume, cylinder, batch, fuel_type, car_id, is_deprecated) VALUES (5, 1.8, 12, '5602219536097834194', 'diesel_fuel', 20, false);
INSERT INTO m_engine (id, volume, cylinder, batch, fuel_type, car_id, is_deprecated) VALUES (6, 3.5, 2, '3586284508703309', 'gas', 16, false);
INSERT INTO m_engine (id, volume, cylinder, batch, fuel_type, car_id, is_deprecated) VALUES (7, 2.6, 4, '3541905612230755', 'diesel_fuel', 14, false);
INSERT INTO m_engine (id, volume, cylinder, batch, fuel_type, car_id, is_deprecated) VALUES (8, 2.2, 4, '5602224652095891', 'diesel_fuel', 19, false);
INSERT INTO m_engine (id, volume, cylinder, batch, fuel_type, car_id, is_deprecated) VALUES (9, 3.5, 2, '5602224375292312', 'benzin', 31, false);
INSERT INTO m_engine (id, volume, cylinder, batch, fuel_type, car_id, is_deprecated) VALUES (10, 3.2, 16, '5048378920102392', 'diesel_fuel', 17, false);
INSERT INTO m_engine (id, volume, cylinder, batch, fuel_type, car_id, is_deprecated) VALUES (11, 2.2, 3, '3567990482910685', 'diesel_fuel', 28, false);
INSERT INTO m_engine (id, volume, cylinder, batch, fuel_type, car_id, is_deprecated) VALUES (12, 1.7, 16, '3551440839959645', 'diesel_fuel', 21, false);
INSERT INTO m_engine (id, volume, cylinder, batch, fuel_type, car_id, is_deprecated) VALUES (13, 2.4, 2, '3568318524646035', 'diesel_fuel', 26, false);
INSERT INTO m_engine (id, volume, cylinder, batch, fuel_type, car_id, is_deprecated) VALUES (14, 3.2, 4, '5108752703196663', 'benzin', 25, false);
INSERT INTO m_engine (id, volume, cylinder, batch, fuel_type, car_id, is_deprecated) VALUES (15, 2.6, 4, '3557789864277800', 'diesel_fuel', 30, false);
INSERT INTO m_engine (id, volume, cylinder, batch, fuel_type, car_id, is_deprecated) VALUES (16, 1.6, 6, '3564486095298041', 'diesel_fuel', 23, false);
INSERT INTO m_engine (id, volume, cylinder, batch, fuel_type, car_id, is_deprecated) VALUES (17, 2.4, 2, '6378201191054670', 'gas', 27, false);
INSERT INTO m_engine (id, volume, cylinder, batch, fuel_type, car_id, is_deprecated) VALUES (18, 1.8, 16, '6376905228307891', 'diesel_fuel', 29, false);
INSERT INTO m_engine (id, volume, cylinder, batch, fuel_type, car_id, is_deprecated) VALUES (19, 2.6, 16, '3542392912175254', 'benzin', 15, false);
INSERT INTO m_engine (id, volume, cylinder, batch, fuel_type, car_id, is_deprecated) VALUES (20, 3.2, 2, '201997940928264', 'gas', 22, false);

-- m_body
INSERT INTO m_body (id, color, vin, type, created, changed, car_id) VALUES (19, 'Blue', '1ZVBP8JZ7D5166487', 'Sedan', '2020-09-12 16:58:52.000000', '2020-09-12 16:58:52.000000', 26);
INSERT INTO m_body (id, color, vin, type, created, changed, car_id) VALUES (7, 'Puce', '1G6DZ67A490162383', 'Sedan', '2020-09-12 16:58:52.000000', '2020-09-12 16:58:52.000000', 24);
INSERT INTO m_body (id, color, vin, type, created, changed, car_id) VALUES (25, 'Khaki', 'WBAFR9C50BD996761', 'Sedan', '2020-09-12 16:58:52.000000', '2020-09-12 16:58:52.000000', 15);
INSERT INTO m_body (id, color, vin, type, created, changed, car_id) VALUES (11, 'Purple', 'JTDKDTB34D1820992', 'Sedan', '2020-09-12 16:58:52.000000', '2020-09-12 16:58:52.000000', 20);
INSERT INTO m_body (id, color, vin, type, created, changed, car_id) VALUES (16, 'Teal', 'KNDMB5C18F6055587', 'Sedan', '2020-09-12 16:58:52.000000', '2020-09-12 16:58:52.000000', 17);
INSERT INTO m_body (id, color, vin, type, created, changed, car_id) VALUES (24, 'Pink', '2T2BK1BA8FC164699', 'Sedan', '2020-09-12 16:58:52.000000', '2020-09-12 16:58:52.000000', 29);
INSERT INTO m_body (id, color, vin, type, created, changed, car_id) VALUES (15, 'Teal', 'WBANE535X6C998075', 'Sedan', '2020-09-12 16:58:52.000000', '2020-09-12 16:58:52.000000', 31);
INSERT INTO m_body (id, color, vin, type, created, changed, car_id) VALUES (12, 'Teal', 'WAUHF98P08A636668', 'Sedan', '2020-09-12 16:58:52.000000', '2020-09-12 16:58:52.000000', 16);
INSERT INTO m_body (id, color, vin, type, created, changed, car_id) VALUES (13, 'Orange', '3GYFNFE32FS643382', 'Sedan', '2020-09-12 16:58:52.000000', '2020-09-12 16:58:52.000000', 14);
INSERT INTO m_body (id, color, vin, type, created, changed, car_id) VALUES (23, 'Turquoise', 'YV1902FH7D1540570', 'Sedan', '2020-09-12 16:58:52.000000', '2020-09-12 16:58:52.000000', 27);
INSERT INTO m_body (id, color, vin, type, created, changed, car_id) VALUES (20, 'Yellow', 'WAUFL44D72N429337', 'Sedan', '2020-09-12 16:58:52.000000', '2020-09-12 16:58:52.000000', 25);
INSERT INTO m_body (id, color, vin, type, created, changed, car_id) VALUES (14, 'Mauv', '4T1BB3EK4AU401541', 'Sedan', '2020-09-12 16:58:52.000000', '2020-09-12 16:58:52.000000', 19);
INSERT INTO m_body (id, color, vin, type, created, changed, car_id) VALUES (21, 'Teal', 'WBAYP1C55ED348188', 'Sedan', '2020-09-12 16:58:52.000000', '2020-09-12 16:58:52.000000', 30);
INSERT INTO m_body (id, color, vin, type, created, changed, car_id) VALUES (8, 'Pink', 'WAUEF78E27A018613', 'Sedan', '2020-09-12 16:58:52.000000', '2020-09-12 16:58:52.000000', 18);
INSERT INTO m_body (id, color, vin, type, created, changed, car_id) VALUES (10, 'Violet', 'JN8AZ1FY5DW405002', 'Sedan', '2020-09-12 16:58:52.000000', '2020-09-12 16:58:52.000000', 13);
INSERT INTO m_body (id, color, vin, type, created, changed, car_id) VALUES (18, 'Crimson', 'JN1CV6EK7CM771440', 'Sedan', '2020-09-12 16:58:52.000000', '2020-09-12 16:58:52.000000', 21);
INSERT INTO m_body (id, color, vin, type, created, changed, car_id) VALUES (9, 'Pink', '1FMCU0C77BK647327', 'Sedan', '2020-09-12 16:58:52.000000', '2020-09-12 16:58:52.000000', 32);
INSERT INTO m_body (id, color, vin, type, created, changed, car_id) VALUES (17, 'Teal', '1FTEX1C86AF654229', 'Sedan', '2020-09-12 16:58:52.000000', '2020-09-12 16:58:52.000000', 28);
INSERT INTO m_body (id, color, vin, type, created, changed, car_id) VALUES (22, 'Goldenrod', '5BZBF0AA1EN523133', 'Sedan', '2020-09-12 16:58:52.000000', '2020-09-12 16:58:52.000000', 23);
INSERT INTO m_body (id, color, vin, type, created, changed, car_id) VALUES (26, 'Red', '1FAHP2D80FG359803', 'Sedan', '2020-09-12 16:58:52.000000', '2020-09-12 16:58:52.000000', 22);